{"cameraMode":{"drawMode":0,"name":"Shaded","section":"Shading Mode"},"sceneLighting":true,"audioPlay":false,"sceneViewState":{"showFog":true,"showMaterialUpdate":false,"showSkybox":true,"showFlares":true,"showImageEffects":true,"showParticleSystems":true},"in2DMode":false,"pivot":{"x":20.5484676361084,"y":21.364843368530275,"z":-15.583868980407715},"rotation":{"x":-0.09821689128875733,"y":0.13599549233913423,"z":-0.013549829833209515,"w":-0.9857409596443176},"size":5.795531272888184,"orthographic":false}